_id,Date,covid19_cases_unvac,covid19_cases_partial_vac,covid19_cases_notfull_vac,covid19_cases_full_vac,covid19_cases_boost_vac,covid19_cases_vac_unknown,cases_unvac_rate_per100K,cases_partial_vac_rate_per100K,cases_notfull_vac_rate_per100K,cases_full_vac_rate_per100K,cases_boost_vac_rate_per100K,cases_unvac_rate_7ma,cases_partial_vac_rate_7ma,cases_notfull_vac_rate_7ma,cases_full_vac_rate_7ma,cases_boost_vac_rate_7ma
1,2021-08-09T00:00:00,286,53,,82,,,,,,,,,,,,
2,2021-08-10T00:00:00,229,25,,63,,,,,,,,,,,,
3,2021-08-11T00:00:00,234,32,,58,,,,,,,,,,,,
4,2021-08-12T00:00:00,360,56,,88,,,,,,,,,,,,
5,2021-08-13T00:00:00,368,57,,85,,,,,,,,,,,,
6,2021-08-14T00:00:00,408,59,,111,,,,,,,,,,,,
7,2021-08-15T00:00:00,350,67,,94,,,,,,,,,,,,
8,2021-08-16T00:00:00,353,60,,113,,,,,,,,,,,,
9,2021-08-17T00:00:00,203,49,,79,,17,,,,,,,,,,
10,2021-08-18T00:00:00,309,41,,98,,37,7.34,4.05,,1.02,,,,,,
11,2021-08-19T00:00:00,382,46,,75,,28,9.11,4.60,,0.78,,,,,,
12,2021-08-20T00:00:00,426,64,,103,,57,10.20,6.49,,1.06,,,,,,
13,2021-08-21T00:00:00,427,63,,137,,62,10.26,6.50,,1.41,,,,,,
14,2021-08-22T00:00:00,411,65,,124,,44,10.69,7.94,,1.62,,,,,,
15,2021-08-23T00:00:00,444,76,,158,,39,9.91,6.85,,1.27,,,,,,
16,2021-08-24T00:00:00,279,41,,114,,52,6.75,4.37,,1.16,,9.18,5.83,,1.19,
17,2021-08-25T00:00:00,398,74,,135,,53,9.67,7.98,,1.37,,9.51,6.39,,1.24,
18,2021-08-26T00:00:00,395,82,,141,,60,9.63,8.95,,1.43,,9.59,7.01,,1.33,
19,2021-08-27T00:00:00,485,83,,147,,66,11.86,9.16,,1.49,,9.82,7.39,,1.39,
20,2021-08-28T00:00:00,500,100,,160,,75,12.26,11.18,,1.62,,10.11,8.06,,1.42,
21,2021-08-29T00:00:00,425,64,,189,,62,10.45,7.23,,1.91,,10.08,7.96,,1.46,
22,2021-08-30T00:00:00,403,73,,167,,51,9.92,8.30,,1.68,,10.08,8.17,,1.52,
23,2021-08-31T00:00:00,326,43,,91,,65,8.05,4.93,,0.92,,10.26,8.25,,1.49,
24,2021-09-01T00:00:00,397,52,,152,,55,9.84,6.02,,1.53,,10.29,7.97,,1.51,
25,2021-09-02T00:00:00,540,88,,173,,64,13.43,10.23,,1.73,,10.83,8.15,,1.55,
26,2021-09-03T00:00:00,499,68,,179,,60,12.48,7.92,,1.79,,10.92,7.97,,1.60,
27,2021-09-04T00:00:00,559,92,,208,,85,14.05,10.75,,2.07,,11.17,7.91,,1.66,
28,2021-09-05T00:00:00,482,98,,168,,63,12.16,11.50,,1.67,,11.42,8.52,,1.63,
29,2021-09-06T00:00:00,351,64,,124,,42,8.88,7.53,,1.23,,11.27,8.41,,1.56,
30,2021-09-07T00:00:00,339,37,,130,,58,8.59,4.36,,1.29,,11.35,8.33,,1.62,
31,2021-09-08T00:00:00,319,56,,136,,44,8.12,6.62,,1.35,,11.10,8.42,,1.59,
32,2021-09-09T00:00:00,497,57,,178,,66,12.71,6.76,,1.76,,11.00,7.92,,1.59,
33,2021-09-10T00:00:00,534,76,,189,,49,13.71,9.05,,1.87,,11.17,8.08,,1.61,
34,2021-09-11T00:00:00,499,80,,211,,67,12.87,9.60,,2.08,,11.01,7.92,,1.61,
35,2021-09-12T00:00:00,475,66,,182,,61,12.28,7.98,,1.79,,11.02,7.41,,1.62,
36,2021-09-13T00:00:00,388,44,,125,,43,9.58,5.02,,1.26,,11.12,7.06,,1.63,
37,2021-09-14T00:00:00,349,54,,125,,49,8.64,6.21,,1.26,,11.13,7.32,,1.62,
38,2021-09-15T00:00:00,348,44,,146,,55,8.65,5.11,,1.46,,11.21,7.10,,1.64,
39,2021-09-16T00:00:00,533,56,,209,,66,13.30,6.54,,2.09,,11.29,7.07,,1.69,
40,2021-09-17T00:00:00,460,53,,213,,69,11.54,6.19,,2.12,,10.98,6.66,,1.72,
41,2021-09-18T00:00:00,489,61,,200,,71,12.34,7.16,,1.99,,10.90,6.32,,1.71,
42,2021-09-19T00:00:00,440,44,,175,,56,11.14,5.19,,1.74,,10.74,5.92,,1.70,
43,2021-09-20T00:00:00,362,43,,152,,53,9.19,5.09,,1.51,,10.69,5.93,,1.74,
44,2021-09-21T00:00:00,351,33,,140,,50,8.93,3.91,,1.39,,10.73,5.60,,1.76,
45,2021-09-22T00:00:00,278,21,,131,,33,7.10,2.50,,1.30,,10.51,5.23,,1.73,
46,2021-09-23T00:00:00,433,41,,148,,55,11.12,4.89,,1.46,,10.19,4.99,,1.64,
47,2021-09-24T00:00:00,447,56,,170,,54,11.93,6.71,,1.67,,10.25,5.06,,1.58,
48,2021-09-25T00:00:00,370,46,,155,,69,9.92,5.56,,1.52,,9.90,4.84,,1.51,
49,2021-09-26T00:00:00,398,39,,154,,62,10.71,4.74,,1.51,,9.84,4.77,,1.48,
50,2021-09-27T00:00:00,350,35,,159,,69,9.43,4.27,,1.56,,9.88,4.65,,1.49,
51,2021-09-28T00:00:00,277,27,,119,,43,7.49,3.31,,1.16,,9.67,4.57,,1.45,
52,2021-09-29T00:00:00,302,36,,115,,42,8.20,4.44,,1.12,,9.83,4.85,,1.43,
53,2021-09-30T00:00:00,407,39,,151,,50,11.11,4.84,,1.47,,9.83,4.84,,1.43,
54,2021-10-01T00:00:00,394,39,,166,,69,10.79,4.87,,1.61,,9.66,4.58,,1.42,
55,2021-10-02T00:00:00,401,44,,198,,61,11.03,5.55,,1.92,,9.82,4.57,,1.48,
56,2021-10-03T00:00:00,296,38,,173,,73,8.17,4.84,,1.68,,9.46,4.59,,1.50,
57,2021-10-04T00:00:00,310,21,,139,,41,8.57,2.69,,1.34,,9.34,4.36,,1.47,
58,2021-10-05T00:00:00,233,27,,128,,41,6.46,3.48,,1.24,,9.19,4.39,,1.48,
59,2021-10-06T00:00:00,294,13,,141,,28,8.20,1.69,,1.36,,9.19,3.99,,1.52,
60,2021-10-07T00:00:00,349,27,,164,,47,9.78,3.56,,1.58,,9.00,3.81,,1.53,
61,2021-10-08T00:00:00,300,33,,192,,48,8.45,4.41,,1.84,,8.67,3.75,,1.57,
62,2021-10-09T00:00:00,385,30,,190,,49,10.90,4.09,,1.82,,8.65,3.54,,1.55,
63,2021-10-10T00:00:00,319,29,,147,,40,9.06,4.01,,1.40,,8.77,3.42,,1.51,
64,2021-10-11T00:00:00,279,21,,125,,33,7.94,2.93,,1.19,,8.68,3.45,,1.49,
65,2021-10-12T00:00:00,215,15,,130,,30,6.14,2.11,,1.24,,8.64,3.26,,1.49,
66,2021-10-13T00:00:00,177,14,,104,,11,5.08,1.99,,0.99,,8.19,3.30,,1.44,
67,2021-10-14T00:00:00,228,16,,146,,27,6.56,2.30,,1.38,,7.73,3.12,,1.41,
68,2021-10-15T00:00:00,280,20,,162,,34,8.09,2.91,,1.53,,7.68,2.91,,1.36,
69,2021-10-16T00:00:00,282,22,,157,,25,8.17,3.26,,1.48,,7.29,2.79,,1.32,
70,2021-10-17T00:00:00,231,20,,155,,37,6.71,3.01,,1.46,,6.96,2.64,,1.32,
71,2021-10-18T00:00:00,214,17,,108,,34,6.23,2.57,,1.02,,6.71,2.59,,1.30,
72,2021-10-19T00:00:00,177,16,,105,,30,5.16,2.45,,0.99,,6.57,2.64,,1.26,
73,2021-10-20T00:00:00,198,10,,84,,12,5.80,1.55,,0.79,,6.67,2.58,,1.24,
74,2021-10-21T00:00:00,226,15,,140,,32,6.64,2.35,,1.31,,6.69,2.59,,1.23,
75,2021-10-22T00:00:00,248,21,,167,,56,7.31,3.33,,1.56,,6.57,2.65,,1.23,
76,2021-10-23T00:00:00,210,18,,109,,36,6.21,2.90,,1.02,,6.29,2.59,,1.16,
77,2021-10-24T00:00:00,190,22,,123,,35,5.64,3.58,,1.14,,6.14,2.68,,1.12,
78,2021-10-25T00:00:00,183,7,,95,,41,5.43,1.15,,0.88,,6.03,2.47,,1.10,
79,2021-10-26T00:00:00,142,11,,93,,23,4.22,1.81,,0.86,,5.89,2.38,,1.08,
80,2021-10-27T00:00:00,158,12,,118,,33,4.71,2.00,,1.09,,5.74,2.45,,1.12,
81,2021-10-28T00:00:00,220,16,,144,,29,6.58,2.70,,1.33,,5.73,2.50,,1.13,
82,2021-10-29T00:00:00,231,24,,140,,24,6.93,4.12,,1.29,,5.67,2.61,,1.09,
83,2021-10-30T00:00:00,195,13,,126,,22,5.87,2.27,,1.16,,5.63,2.52,,1.11,
84,2021-10-31T00:00:00,167,12,,117,,44,5.04,2.12,,1.08,,5.54,2.31,,1.10,
85,2021-11-01T00:00:00,225,13,,161,,23,6.79,2.32,,1.48,,5.73,2.48,,1.18,
86,2021-11-02T00:00:00,156,14,,136,,25,4.72,2.52,,1.25,,5.81,2.58,,1.24,
87,2021-11-03T00:00:00,183,12,,142,,41,5.55,2.19,,1.30,,5.93,2.61,,1.27,
88,2021-11-04T00:00:00,227,15,,159,,37,6.90,2.77,,1.46,,5.97,2.62,,1.29,
89,2021-11-05T00:00:00,259,15,,249,,40,7.90,2.81,,2.28,,6.11,2.43,,1.43,
90,2021-11-06T00:00:00,253,15,,218,,22,7.73,2.86,,1.99,,6.38,2.51,,1.55,
91,2021-11-07T00:00:00,325,15,,248,,48,9.95,2.89,,2.27,,7.08,2.62,,1.72,
92,2021-11-08T00:00:00,244,13,,191,,32,7.48,2.52,,1.74,,7.18,2.65,,1.76,
93,2021-11-09T00:00:00,225,19,,173,,24,6.91,3.73,,1.58,,7.49,2.82,,1.80,
94,2021-11-10T00:00:00,211,11,,205,,27,6.49,2.19,,1.87,,7.62,2.82,,1.88,
95,2021-11-11T00:00:00,334,18,,245,,45,10.30,3.62,,2.23,,8.11,2.95,,1.99,
96,2021-11-12T00:00:00,298,24,,222,,54,9.21,4.90,,2.02,,8.30,3.24,,1.96,
97,2021-11-13T00:00:00,315,22,,273,,51,9.76,4.57,,2.48,,8.59,3.49,,2.03,
98,2021-11-14T00:00:00,300,24,,300,,42,9.31,5.04,,2.72,,8.49,3.80,,2.09,
99,2021-11-15T00:00:00,286,23,,212,,31,8.88,4.86,,1.92,,8.69,4.13,,2.12,
100,2021-11-16T00:00:00,236,18,,189,,38,7.34,3.83,,1.71,,8.76,4.14,,2.14,
101,2021-11-17T00:00:00,250,19,,202,,41,7.79,4.08,,1.83,,8.94,4.41,,2.13,
102,2021-11-18T00:00:00,322,28,,314,,47,10.05,6.08,,2.84,,8.91,4.77,,2.22,
103,2021-11-19T00:00:00,385,22,,323,,63,12.04,4.83,,2.91,,9.31,4.76,,2.34,
104,2021-11-20T00:00:00,370,17,,287,,54,11.59,3.79,,2.59,,9.57,4.64,,2.36,
105,2021-11-21T00:00:00,350,20,,331,,40,10.98,4.51,,2.98,,9.81,4.57,,2.40,
106,2021-11-22T00:00:00,282,23,,286,,36,8.85,5.21,,2.57,,9.81,4.62,,2.49,
107,2021-11-23T00:00:00,288,30,,266,,29,9.06,6.86,,2.39,,10.05,5.05,,2.59,
108,2021-11-24T00:00:00,293,14,,237,,47,9.23,3.23,,2.13,,10.26,4.93,,2.63,
109,2021-11-25T00:00:00,356,19,,329,,44,11.23,4.43,,2.95,,10.43,4.69,,2.65,
110,2021-11-26T00:00:00,467,27,,378,,55,14.76,6.35,,3.39,,10.81,4.91,,2.71,
111,2021-11-27T00:00:00,451,23,,349,,31,14.28,5.49,,3.13,,11.20,5.15,,2.79,
112,2021-11-28T00:00:00,498,21,,396,,49,15.79,5.06,,3.55,,11.89,5.23,,2.87,
113,2021-11-29T00:00:00,412,27,,315,,34,13.07,6.54,,2.82,,12.49,5.42,,2.91,
114,2021-11-30T00:00:00,310,19,,308,,50,9.85,4.64,,2.76,,12.60,5.11,,2.96,
115,2021-12-01T00:00:00,369,24,,336,,51,11.75,5.91,,3.00,,12.96,5.49,,3.09,
116,2021-12-02T00:00:00,446,23,,429,,61,14.22,5.71,,3.83,,13.39,5.67,,3.21,
117,2021-12-03T00:00:00,504,27,,442,,58,16.09,6.77,,3.95,,13.58,5.73,,3.29,
118,2021-12-04T00:00:00,469,25,,499,,60,15.00,6.33,,4.45,,13.68,5.85,,3.48,
119,2021-12-05T00:00:00,557,22,,536,,69,17.84,5.62,,4.78,,13.97,5.93,,3.66,
120,2021-12-06T00:00:00,373,24,,426,,64,11.95,6.16,,3.80,,13.81,5.88,,3.80,
121,2021-12-07T00:00:00,424,26,,401,,77,13.61,6.71,,3.57,,14.35,6.17,,3.91,
122,2021-12-08T00:00:00,421,22,,502,,64,13.53,5.72,,4.47,,14.61,6.15,,4.12,
123,2021-12-09T00:00:00,548,42,,617,,83,17.64,10.99,,5.49,,15.09,6.90,,4.36,
124,2021-12-10T00:00:00,613,26,,718,,96,19.81,6.71,,6.38,,15.63,6.89,,4.71,
125,2021-12-11T00:00:00,623,31,,864,,89,20.29,7.69,,7.67,,16.38,7.09,,5.17,
126,2021-12-12T00:00:00,576,36,,771,,93,18.93,8.46,,6.84,,16.54,7.49,,5.46,
127,2021-12-13T00:00:00,601,33,,809,,93,19.88,7.47,,7.18,,17.67,7.68,,5.94,
128,2021-12-14T00:00:00,493,33,,809,,94,16.42,7.21,,7.18,,18.07,7.75,,6.46,
129,2021-12-15T00:00:00,625,39,,1046,,98,21.01,8.15,,9.27,,19.14,8.10,,7.14,
130,2021-12-16T00:00:00,686,72,,1530,,133,23.28,14.40,,13.56,,19.95,8.58,,8.30,
131,2021-12-17T00:00:00,778,96,,2120,,130,26.63,18.47,,18.77,,20.92,10.26,,10.07,
132,2021-12-18T00:00:00,718,104,,2338,,141,24.82,19.20,,20.69,,21.57,11.91,,11.93,
133,2021-12-19T00:00:00,905,142,,2977,,153,31.64,24.94,,26.34,,23.38,14.26,,14.71,
134,2021-12-20T00:00:00,746,119,,2781,,138,26.26,20.31,,24.60,,24.29,16.10,,17.20,
135,2021-12-21T00:00:00,673,132,,2500,,148,23.82,22.13,,22.10,,25.35,18.23,,19.33,
136,2021-12-22T00:00:00,746,172,,3243,,222,26.60,28.15,,28.65,,26.15,21.09,,22.10,
137,2021-12-23T00:00:00,971,222,,4392,,205,34.86,35.52,,38.79,,27.80,24.10,,25.71,
138,2021-12-24T00:00:00,1536,356,,7425,,254,55.53,55.78,,65.54,,31.93,29.43,,32.39,
139,2021-12-25T00:00:00,1548,368,,8222,,274,56.40,56.35,,72.53,,36.44,34.74,,39.79,
140,2021-12-26T00:00:00,1429,357,,7855,,185,52.50,53.13,,69.27,,39.42,38.77,,45.93,
141,2021-12-27T00:00:00,1326,357,,7575,,160,48.92,52.40,,66.79,,42.66,43.35,,51.95,
142,2021-12-28T00:00:00,1209,362,,7048,,206,44.77,52.71,,62.11,,45.65,47.72,,57.67,
143,2021-12-29T00:00:00,1514,425,,8221,,276,56.35,61.15,,72.42,,49.90,52.43,,63.92,
144,2021-12-30T00:00:00,1971,562,,11010,,264,73.70,79.85,,96.95,,55.45,58.77,,72.23,
145,2021-12-31T00:00:00,2278,647,,13436,,352,85.58,90.83,,118.3,,59.75,63.77,,79.77,
146,2022-01-01T00:00:00,2679,732,,14703,,331,101.2,101.4,,129.4,,66.15,70.21,,87.89,
147,2022-01-02T00:00:00,2406,695,,13371,,242,91.54,94.38,,117.6,,71.72,76.10,,94.80,
148,2022-01-03T00:00:00,1971,488,,10853,,266,75.31,65.55,,95.43,,75.49,77.98,,98.89,
149,2022-01-04T00:00:00,1647,445,,9040,,219,63.27,59.03,,79.46,,78.14,78.88,,101.4,
150,2022-01-05T00:00:00,1554,386,,9255,,387,60.08,50.53,,81.30,,78.67,77.37,,102.6,
151,2022-01-06T00:00:00,1797,452,,10648,,442,69.86,58.59,,93.48,,78.12,74.33,,102.1,
152,2022-01-07T00:00:00,1543,375,,9515,,466,60.26,48.26,,83.49,,74.50,68.25,,97.17,
153,2022-01-08T00:00:00,1714,398,,10865,,384,67.10,51.11,,95.30,,69.63,61.06,,92.29,
154,2022-01-09T00:00:00,1643,414,,9522,,380,64.34,53.15,,83.51,,65.75,55.17,,87.42,
155,2022-01-10T00:00:00,1307,263,,7789,,347,51.23,33.74,,68.31,,62.31,50.63,,83.55,
156,2022-01-11T00:00:00,1061,250,,6257,,383,41.72,31.96,,54.85,,59.23,46.76,,80.03,
157,2022-01-12T00:00:00,1347,327,,7673,,435,53.21,41.51,,67.22,,58.25,45.47,,78.02,
158,2022-01-13T00:00:00,1336,303,,7753,,517,53.05,38.19,,67.88,,55.84,42.56,,74.37,
159,2022-01-14T00:00:00,1458,365,,8518,,623,58.19,45.72,,74.52,,55.55,42.20,,73.08,
160,2022-01-15T00:00:00,1539,417,,8223,,553,61.62,52.12,,71.90,,54.77,42.34,,69.74,
161,2022-01-16T00:00:00,1456,360,,8079,,555,58.34,44.99,,70.63,,53.91,41.18,,67.90,
162,2022-01-17T00:00:00,1250,281,,6511,,479,50.20,35.10,,56.90,,53.76,41.37,,66.27,
163,2022-01-18T00:00:00,1087,245,,5439,,314,43.79,30.55,,47.50,,54.06,41.17,,65.22,
164,2022-01-19T00:00:00,880,186,,4109,,569,35.60,23.17,,35.86,,51.54,38.55,,60.74,
165,2022-01-20T00:00:00,1079,260,,5819,,599,43.82,32.34,,50.74,,50.22,37.71,,58.29,
166,2022-01-21T00:00:00,1061,221,,5307,,576,43.28,27.43,,46.24,,48.09,35.10,,54.25,
167,2022-01-22T00:00:00,885,223,,4765,,600,36.27,27.59,,41.49,,44.47,31.60,,49.91,
168,2022-01-23T00:00:00,835,223,,4175,,600,34.38,27.48,,36.32,,41.05,29.09,,45.01,
169,2022-01-24T00:00:00,814,182,,3496,,298,33.60,22.40,,30.40,,38.68,27.28,,41.22,
170,2022-01-25T00:00:00,561,142,,2347,,374,23.24,17.48,,20.40,,35.74,25.41,,37.35,
171,2022-01-26T00:00:00,801,191,,3805,,571,33.33,23.49,,33.04,,35.42,25.46,,36.95,
172,2022-01-27T00:00:00,960,236,,4004,,652,40.14,29.01,,34.73,,34.89,24.98,,34.66,
173,2022-01-28T00:00:00,833,181,,3806,,517,35.03,22.22,,32.98,,33.71,24.24,,32.77,
174,2022-01-29T00:00:00,765,207,,3480,,403,32.36,25.42,,30.12,,33.15,23.93,,31.14,
175,2022-01-30T00:00:00,623,185,,2807,,345,26.47,22.71,,24.27,,32.02,23.25,,29.42,
176,2022-01-31T00:00:00,529,119,,2125,,270,22.54,14.61,,18.36,,30.44,22.13,,27.70,
177,2022-02-01T00:00:00,408,103,,1807,,304,17.42,12.66,,15.61,,29.61,21.45,,27.02,
178,2022-02-02T00:00:00,683,164,,2643,,419,29.26,20.18,,22.81,,29.03,20.97,,25.55,
179,2022-02-03T00:00:00,626,172,,2921,,379,26.93,21.18,,25.19,,27.14,19.85,,24.19,
180,2022-02-04T00:00:00,685,170,,2827,,365,29.58,20.98,,24.35,,26.37,19.68,,22.96,
181,2022-02-05T00:00:00,497,126,,2233,,348,21.57,15.62,,19.21,,24.82,18.28,,21.40,
182,2022-02-06T00:00:00,468,127,,2076,,215,20.39,15.86,,17.84,,23.96,17.30,,20.48,
183,2022-02-07T00:00:00,351,82,,1443,,212,15.31,10.30,,12.39,,22.92,16.68,,19.63,
184,2022-02-08T00:00:00,362,92,,1402,,236,15.83,11.62,,12.03,,22.70,16.53,,19.12,
185,2022-02-09T00:00:00,456,131,,2173,,402,20.01,16.72,,18.62,,21.37,16.04,,18.52,
186,2022-02-10T00:00:00,425,131,,2159,,486,18.71,16.90,,18.47,,20.20,15.43,,17.56,
187,2022-02-11T00:00:00,422,135,,1967,,383,18.64,17.63,,16.81,,18.64,14.95,,16.48,
188,2022-02-12T00:00:00,474,136,,1980,,354,21.01,18.04,,16.89,,18.56,15.30,,16.15,
189,2022-02-13T00:00:00,330,77,,1553,,305,14.67,10.43,,13.22,,17.74,14.52,,15.49,
190,2022-02-14T00:00:00,282,83,,1237,,163,12.55,11.35,,10.52,,17.35,14.67,,15.22,
191,2022-02-15T00:00:00,260,59,,998,,276,11.60,8.14,,8.48,,16.74,14.17,,14.72,
192,2022-02-16T00:00:00,376,91,,1767,,297,16.82,12.71,,15.00,,16.29,13.60,,14.20,
193,2022-02-17T00:00:00,326,94,,1655,,252,14.64,13.29,,14.03,,15.70,13.08,,13.56,
194,2022-02-18T00:00:00,303,81,,1656,,297,13.62,11.57,,14.02,,14.99,12.22,,13.17,
195,2022-02-19T00:00:00,303,77,,1651,,213,13.66,11.17,,13.96,,13.94,11.24,,12.75,
196,2022-02-20T00:00:00,285,78,,1391,,212,12.87,11.52,,11.75,,13.68,11.39,,12.54,
197,2022-02-21T00:00:00,199,48,,976,,112,9.00,7.15,,8.24,,13.17,10.79,,12.21,
198,2022-02-22T00:00:00,186,28,,945,,123,8.42,4.20,,7.97,,12.72,10.23,,12.14,
199,2022-02-23T00:00:00,215,47,,1009,,154,9.75,7.12,,8.50,,11.71,9.43,,11.21,
200,2022-02-24T00:00:00,298,80,,1841,,185,13.54,12.24,,15.50,,11.55,9.28,,11.42,
201,2022-02-25T00:00:00,287,75,,1892,,173,13.07,11.61,,15.91,,11.47,9.29,,11.69,
202,2022-02-26T00:00:00,261,78,,1821,,178,11.91,12.24,,15.30,,11.22,9.44,,11.88,
203,2022-02-27T00:00:00,226,61,,1518,,196,10.33,9.73,,12.74,,10.86,9.18,,12.02,
204,2022-02-28T00:00:00,146,31,,1072,,66,6.68,4.98,,8.99,,10.53,8.87,,12.13,
205,2022-03-01T00:00:00,165,27,,858,,126,7.55,4.36,,7.19,,10.40,8.90,,12.02,
206,2022-03-02T00:00:00,215,49,,1522,,173,9.86,8.00,,12.75,,10.42,9.02,,12.63,
207,2022-03-03T00:00:00,259,66,,1762,,175,11.89,10.88,,14.75,,10.18,8.83,,12.52,
208,2022-03-04T00:00:00,207,54,,1638,,186,9.51,8.98,,13.70,,9.68,8.45,,12.20,
209,2022-03-05T00:00:00,183,54,,1496,,197,8.42,9.08,,12.50,,9.18,8.00,,11.80,
210,2022-03-06T00:00:00,205,47,,1416,,119,9.44,7.99,,11.83,,9.05,7.75,,11.67,
211,2022-03-07T00:00:00,146,38,,827,,63,6.73,6.49,,6.90,,9.06,7.97,,11.37,
212,2022-03-08T00:00:00,157,32,,901,,118,7.24,5.47,,7.52,,9.01,8.13,,11.42,
213,2022-03-09T00:00:00,207,36,,1579,,125,9.55,6.20,,13.17,,8.97,7.87,,11.48,
214,2022-03-10T00:00:00,209,47,,1760,,109,9.65,8.14,,14.68,,8.65,7.48,,11.47,
215,2022-03-11T00:00:00,,,271,719,956,184,,,9.58,14.50,13.76,,,,,
216,2022-03-12T00:00:00,,,242,648,987,138,,,8.57,13.09,14.18,,,,,
217,2022-03-13T00:00:00,,,183,490,807,151,,,6.50,9.92,11.56,,,,,
218,2022-03-14T00:00:00,,,160,335,574,47,,,5.69,6.79,8.22,,,,,
219,2022-03-15T00:00:00,,,153,303,527,93,,,5.45,6.15,7.53,,,,,
220,2022-03-16T00:00:00,,,215,612,1044,140,,,7.66,12.43,14.90,,,,,
221,2022-03-17T00:00:00,,,307,859,1084,148,,,10.96,17.46,15.46,,,7.77,11.48,12.23
222,2022-03-18T00:00:00,,,286,775,1210,231,,,10.22,15.77,17.23,,,7.86,11.66,12.73
223,2022-03-19T00:00:00,,,268,527,1010,273,,,9.59,10.74,14.36,,,8.01,11.32,12.75
224,2022-03-20T00:00:00,,,200,452,946,82,,,7.17,9.22,13.43,,,8.11,11.22,13.02
225,2022-03-21T00:00:00,,,175,295,632,115,,,6.28,6.02,8.97,,,8.19,11.11,13.13
226,2022-03-22T00:00:00,,,211,394,730,112,,,7.58,8.04,10.36,,,8.49,11.38,13.53
227,2022-03-23T00:00:00,,,234,561,1137,217,,,8.41,11.46,16.11,,,8.60,11.24,13.70
228,2022-03-24T00:00:00,,,273,656,1408,224,,,9.83,13.41,19.94,,,8.44,10.67,14.34
229,2022-03-25T00:00:00,,,291,734,1537,199,,,10.49,15.01,21.74,,,8.48,10.56,14.99
230,2022-03-26T00:00:00,,,289,732,1516,217,,,10.43,14.98,21.42,,,8.60,11.16,16.00
231,2022-03-27T00:00:00,,,251,560,1206,198,,,9.07,11.47,17.02,,,8.87,11.48,16.51
232,2022-03-28T00:00:00,,,236,442,970,93,,,8.54,9.06,13.68,,,9.19,11.92,17.18
233,2022-03-29T00:00:00,,,232,431,842,105,,,8.40,8.84,11.87,,,9.31,12.03,17.40
234,2022-03-30T00:00:00,,,312,773,1530,199,,,11.32,15.86,21.54,,,9.73,12.66,18.17
235,2022-03-31T00:00:00,,,367,840,1722,210,,,13.33,17.24,24.22,,,10.23,13.21,18.78
236,2022-04-01T00:00:00,,,387,983,1962,187,,,14.07,20.19,27.58,,,10.74,13.95,19.62
237,2022-04-02T00:00:00,,,441,864,1776,152,,,16.06,17.76,24.93,,,11.54,14.35,20.12
238,2022-04-03T00:00:00,,,378,745,1810,144,,,13.78,15.32,25.39,,,12.21,14.90,21.32
239,2022-04-04T00:00:00,,,309,525,1226,188,,,11.27,10.80,17.19,,,12.60,15.14,21.82
240,2022-04-05T00:00:00,,,258,541,1115,77,,,9.42,11.13,15.63,,,12.75,15.47,22.35
241,2022-04-06T00:00:00,,,410,930,1915,189,,,14.98,19.15,26.82,,,13.27,15.94,23.11
242,2022-04-07T00:00:00,,,482,1074,2418,250,,,17.63,22.13,33.84,,,13.89,16.64,24.48
243,2022-04-08T00:00:00,,,513,1098,2444,240,,,18.76,22.64,34.18,,,14.56,16.99,25.43
244,2022-04-09T00:00:00,,,423,937,2286,151,,,15.49,19.33,31.95,,,14.48,17.21,26.43
245,2022-04-10T00:00:00,,,450,801,2051,179,,,16.49,16.53,28.65,,,14.86,17.39,26.89
246,2022-04-11T00:00:00,,,293,489,1477,142,,,10.74,10.09,20.62,,,14.79,17.29,27.38
247,2022-04-12T00:00:00,,,326,525,1321,128,,,11.96,10.84,18.44,,,15.15,17.24,27.79
248,2022-04-13T00:00:00,,,415,977,2274,167,,,15.24,20.18,31.72,,,15.19,17.39,28.49
249,2022-04-14T00:00:00,,,547,1088,2764,190,,,20.09,22.49,38.53,,,15.54,17.44,29.16
250,2022-04-15T00:00:00,,,432,983,2642,275,,,15.88,20.33,36.81,,,15.13,17.11,29.53
251,2022-04-16T00:00:00,,,455,912,2668,166,,,16.74,18.87,37.14,,,15.31,17.05,30.27
252,2022-04-17T00:00:00,,,316,454,1560,120,,,11.63,9.40,21.70,,,14.61,16.03,29.28
253,2022-04-18T00:00:00,,,273,452,1399,95,,,10.05,9.36,19.46,,,14.51,15.92,29.11
254,2022-04-19T00:00:00,,,164,239,699,116,,,6.04,4.95,9.72,,,13.67,15.08,27.87
255,2022-04-20T00:00:00,,,104,247,599,123,,,3.83,5.12,8.32,,,12.04,12.93,24.53
256,2022-04-21T00:00:00,,,614,1037,3175,212,,,22.65,21.51,44.08,,,12.40,12.79,25.32
257,2022-04-22T00:00:00,,,489,1022,2939,218,,,18.05,21.22,40.77,,,12.71,12.92,25.88
258,2022-04-23T00:00:00,,,463,716,2420,221,,,17.10,14.88,33.54,,,12.76,12.35,25.37
259,2022-04-24T00:00:00,,,496,815,2612,175,,,18.34,16.95,36.18,,,13.72,13.43,27.44
260,2022-04-25T00:00:00,,,256,419,1259,94,,,9.47,8.71,17.43,,,13.64,13.33,27.15
261,2022-04-26T00:00:00,,,275,307,1125,120,,,10.17,6.39,15.57,,,14.23,13.54,27.98
262,2022-04-27T00:00:00,,,316,580,1943,166,,,11.70,12.08,26.87,,,15.35,14.53,30.63
263,2022-04-28T00:00:00,,,368,675,2319,198,,,13.63,14.07,32.05,,,14.07,13.47,28.92
264,2022-04-29T00:00:00,,,268,544,1775,173,,,9.93,11.35,24.51,,,12.91,12.06,26.59
265,2022-04-30T00:00:00,,,310,548,1763,178,,,11.49,11.43,24.34,,,12.10,11.57,25.28
266,2022-05-01T00:00:00,,,269,431,1441,102,,,9.98,9.00,19.88,,,10.91,10.43,22.95
267,2022-05-02T00:00:00,,,160,226,826,63,,,5.94,4.72,11.39,,,10.41,9.86,22.09
268,2022-05-03T00:00:00,,,199,251,952,145,,,7.39,5.24,13.13,,,10.01,9.70,21.74
269,2022-05-04T00:00:00,,,277,429,1626,156,,,10.29,8.97,22.40,,,9.81,9.25,21.10
270,2022-05-05T00:00:00,,,283,451,1767,199,,,10.52,9.43,24.33,,,9.36,8.59,20.00
271,2022-05-06T00:00:00,,,250,440,1562,166,,,9.29,9.21,21.50,,,9.27,8.29,19.57
272,2022-05-07T00:00:00,,,229,395,1377,163,,,8.51,8.27,18.94,,,8.85,7.83,18.80
273,2022-05-08T00:00:00,,,220,339,1285,94,,,8.18,7.10,17.67,,,8.59,7.56,18.48
274,2022-05-09T00:00:00,,,167,219,777,43,,,6.21,4.59,10.68,,,8.63,7.54,18.38
275,2022-05-10T00:00:00,,,161,210,623,95,,,5.99,4.40,8.56,,,8.43,7.42,17.73
276,2022-05-11T00:00:00,,,221,355,1289,130,,,8.23,7.45,17.70,,,8.13,7.21,17.05
277,2022-05-12T00:00:00,,,228,403,1396,133,,,8.49,8.46,19.16,,,7.84,7.07,16.32
278,2022-05-13T00:00:00,,,212,370,1264,123,,,7.90,7.77,17.34,,,7.64,6.86,15.72
279,2022-05-14T00:00:00,,,165,271,1061,78,,,6.15,5.70,14.54,,,7.31,6.50,15.09
280,2022-05-15T00:00:00,,,172,288,1044,60,,,6.42,6.05,14.31,,,7.06,6.35,14.61
281,2022-05-16T00:00:00,,,133,182,711,35,,,4.96,3.83,9.74,,,6.88,6.24,14.48
282,2022-05-17T00:00:00,,,135,185,637,71,,,5.04,3.89,8.73,,,6.74,6.16,14.50
283,2022-05-18T00:00:00,,,201,270,1087,134,,,7.51,5.68,14.88,,,6.64,5.91,14.10
284,2022-05-19T00:00:00,,,172,278,1050,65,,,6.43,5.85,14.37,,,6.34,5.54,13.42
285,2022-05-20T00:00:00,,,132,276,931,73,,,4.93,5.81,12.74,,,5.92,5.26,12.76
286,2022-05-21T00:00:00,,,141,228,797,55,,,5.27,4.80,10.90,,,5.79,5.13,12.24
287,2022-05-22T00:00:00,,,135,196,675,46,,,5.05,4.13,9.23,,,5.60,4.86,11.51
288,2022-05-23T00:00:00,,,88,109,444,27,,,3.29,2.30,6.07,,,5.36,4.64,10.99
289,2022-05-24T00:00:00,,,77,108,400,34,,,2.88,2.28,5.47,,,5.05,4.41,10.52
290,2022-05-25T00:00:00,,,90,136,457,92,,,3.37,2.87,6.24,,,4.46,4.01,9.29
291,2022-05-26T00:00:00,,,118,200,830,69,,,4.42,4.22,11.33,,,4.17,3.77,8.85
292,2022-05-27T00:00:00,,,120,167,732,77,,,4.50,3.52,9.99,,,4.11,3.45,8.46
293,2022-05-28T00:00:00,,,103,192,657,192,,,3.86,4.05,8.97,,,3.91,3.34,8.19
294,2022-05-29T00:00:00,,,95,159,582,42,,,3.56,3.36,7.94,,,3.70,3.23,8.00
295,2022-05-30T00:00:00,,,62,93,351,41,,,2.33,1.96,4.79,,,3.56,3.18,7.82
296,2022-05-31T00:00:00,,,82,110,347,51,,,3.08,2.32,4.73,,,3.59,3.19,7.71
297,2022-06-01T00:00:00,,,133,193,619,85,,,4.99,4.08,8.44,,,3.82,3.36,8.03
298,2022-06-02T00:00:00,,,113,167,673,85,,,4.24,3.53,9.17,,,3.79,3.26,7.72
299,2022-06-03T00:00:00,,,101,149,566,72,,,3.79,3.15,7.71,,,3.69,3.21,7.39
300,2022-06-04T00:00:00,,,97,163,505,136,,,3.65,3.45,6.88,,,3.66,3.12,7.09
301,2022-06-05T00:00:00,,,60,127,443,80,,,2.26,2.68,6.03,,,3.48,3.02,6.82
302,2022-06-06T00:00:00,,,68,68,297,35,,,2.56,1.44,4.04,,,3.51,2.95,6.71
303,2022-06-07T00:00:00,,,78,80,288,91,,,2.93,1.69,3.92,,,3.49,2.86,6.60
304,2022-06-08T00:00:00,,,115,172,598,128,,,4.33,3.64,8.14,,,3.39,2.80,6.56
305,2022-06-09T00:00:00,,,87,141,541,138,,,3.27,2.98,7.36,,,3.26,2.72,6.30
306,2022-06-10T00:00:00,,,80,144,503,108,,,3.01,3.05,6.84,,,3.14,2.70,6.17
307,2022-06-11T00:00:00,,,90,135,511,89,,,3.39,2.86,6.95,,,3.11,2.62,6.18
308,2022-06-12T00:00:00,,,64,106,435,54,,,2.41,2.24,5.92,,,3.13,2.56,6.17
309,2022-06-13T00:00:00,,,46,68,231,12,,,1.73,1.44,3.14,,,3.01,2.56,6.04
310,2022-06-14T00:00:00,,,62,68,269,61,,,2.33,1.44,3.66,,,2.92,2.52,6.00
311,2022-06-15T00:00:00,,,81,104,532,69,,,3.05,2.20,7.23,,,2.74,2.32,5.87
312,2022-06-16T00:00:00,,,69,134,506,68,,,2.60,2.84,6.88,,,2.65,2.30,5.80
313,2022-06-17T00:00:00,,,80,128,559,89,,,3.01,2.71,7.60,,,2.65,2.25,5.91
314,2022-06-18T00:00:00,,,81,96,445,65,,,3.05,2.03,6.05,,,2.60,2.13,5.78
315,2022-06-19T00:00:00,,,67,115,382,49,,,2.53,2.44,5.19,,,2.61,2.16,5.68
316,2022-06-20T00:00:00,,,46,63,246,12,,,1.73,1.33,3.34,,,2.61,2.14,5.71
317,2022-06-21T00:00:00,,,85,67,333,78,,,3.21,1.42,4.52,,,2.74,2.14,5.83
318,2022-06-22T00:00:00,,,71,104,555,49,,,2.68,2.20,7.54,,,2.69,2.14,5.87
319,2022-06-23T00:00:00,,,82,125,628,53,,,3.09,2.65,8.53,,,2.76,2.11,6.11
